Litorre,d-906770ef9c,ws-jt6c81c8k,TAGLIST	Project	laser-ws-abs
Jquinta1,d-90677036e8,ws-3mckf2z6v,TAGLIST	Project	laser-ws-equador
Sespino1,d-906770ef9c,ws-9x7jh6cm2,TAGLIST	Project	laser-ws-abs
Alacosta,d-906770ef9c,ws-5b3h3vg1w,TAGLIST	Project	laser-ws-abs
saranhac,d-906770ef21,ws-0zcjnmmwc,TAGLIST	Project	laser-ws-brazil
Lmart1g,d-906770ef9c,ws-d5c8vkb5t,TAGLIST	Project	laser-ws-abs
Agalleg4,d-90677036e8,ws-0pf5g6krs,TAGLIST	Project	laser-ws-equador
Stesilva,d-906770ef21,ws-42rb0ctz7,TAGLIST	Project	laser-ws-brazil
Jimvera,d-90677036e8,ws-c857m4489,TAGLIST	Project	laser-ws-equador
Luaneves,d-906770ef21,ws-f9246dv2y,TAGLIST	Project	laser-ws-brazil
Afpineda,d-90677036e8,ws-crgv8z7l6,TAGLIST	Project	laser-ws-equador
Brrobine,d-906770ef21,ws-6zypz988w,TAGLIST	Project	laser-ws-brazil
Wbarco,d-90677036e8,ws-jm6gw2pw5,TAGLIST	Project	laser-ws-equador
Prodriguez,d-90677036e8,ws-h80s9r1cr,TAGLIST	Project	laser-ws-equador
emachad1,d-906770ef21,ws-607h006cs,TAGLIST	Project	laser-ws-brazil
Mpenaher,d-90677036e8,ws-9nmscnlvx,TAGLIST	Project	laser-ws-equador
Ksaldana,d-90677036e8,ws-3rcg4lm25,TAGLIST	Project	laser-ws-equador
Dpenagal,d-90677036e8,ws-3qy523qqp,TAGLIST	Project	laser-ws-equador
Mvsantos,d-906770ef21,ws-cxgwvjs3d,TAGLIST	Project	laser-ws-brazil
Sagarci5,d-906770ef9c,ws-wtvmk9f42,TAGLIST	Project	laser-ws-abs
Efcruz,d-906770ef21,ws-gvx7ckwzq,TAGLIST	Project	laser-ws-brazil
Oospinar,d-906770ef9c,ws-8kz31vwqs,TAGLIST	Project	laser-ws-abs
Jguti1p,d-906770ef9c,ws-w33m5433s,TAGLIST	Project	laser-ws-abs
Vsolorza,d-90677036e8,ws-czk3lqwwb,TAGLIST	Project	laser-ws-equador
Jagudel,d-906770ef9c,ws-hsnjtf4p9,TAGLIST	Project	laser-ws-abs
Marllan,d-906770ef9c,ws-864kdqnvk,TAGLIST	Project	laser-ws-abs
Jarenas1,d-906770332b,ws-09yq0mskp,TAGLIST	Project	laser-ws-colombia
pcarval,d-906770ef21,ws-cyh2g2404,TAGLIST	Project	laser-ws-brazil
msennado,d-906770ef21,ws-5s2gf6nzl,TAGLIST	Project	laser-ws-brazil
Abecerr5,d-90677036e8,ws-v076ckygj,TAGLIST	Project	laser-ws-equador
Marpere9,d-906770ef9c,ws-k5ll7tfh8,TAGLIST	Project	laser-ws-abs
Jcastrop,d-90677036e8,ws-vz6bc9700,TAGLIST	Project	laser-ws-equador
Jpesant,d-90677036e8,ws-9181d1b3b,TAGLIST	Project	laser-ws-equador
Mapaucar,d-90677036e8,ws-4lbpwmclc,TAGLIST	Project	laser-ws-equador
Jvarga2,d-906770ef9c,ws-7rhvgrxfr,TAGLIST	Project	laser-ws-abs
Mvanega3,d-906770ef9c,ws-16wrznzgd,TAGLIST	Project	laser-ws-abs
Scarril,d-90677036e8,ws-wnxx0fxf2,TAGLIST	Project	laser-ws-equador
Cyntvaca,d-90677036e8,ws-vp6fmlf3c,TAGLIST	Project	laser-ws-equador
Hcarrion,d-90677036e8,ws-b962mfly7,TAGLIST	Project	laser-ws-equador
Etrujil1,d-906770ef9c,ws-fvpr9pv99,TAGLIST	Project	laser-ws-abs
Raltami1,d-90677036e8,ws-23w1q1x56,TAGLIST	Project	laser-ws-equador
Jvargasc,d-90677036e8,ws-1tw65dq60,TAGLIST	Project	laser-ws-equador
